{
	"info": {
		"_postman_id": "742f866f-abee-43a3-aa52-805ce1a88926",
		"name": "Qlabtask",
		"schema": "https://schema.getpostman.com/json/collection/v2.1.0/collection.json",
		"_exporter_id": "30210739",
		"_collection_link": "https://solar-resonance-141034.postman.co/workspace/My-Spring-API-Testing~08ba395c-68d3-4cc1-a2aa-0eaa459c61b1/collection/30210739-742f866f-abee-43a3-aa52-805ce1a88926?action=share&source=collection_link&creator=30210739"
	},
	"item": [
		{
			"name": "signUp",
			"request": {
				"method": "POST",
				"header": [],
				"body": {
					"mode": "raw",
					"raw": "{\r\n  \"name\": \"John Doe2\",\r\n  \"username\": \"johndoe2\",\r\n  \"email\": \"john.doe2@example.com\",\r\n  \"password\": \"securePassword2\",\r\n  \"about\": \"A passionate individual with diverse interests.\"\r\n}",
					"options": {
						"raw": {
							"language": "json"
						}
					}
				},
				"url": {
					"raw": "http://localhost:8080/api/v1/register",
					"protocol": "http",
					"host": [
						"localhost"
					],
					"port": "8080",
					"path": [
						"api",
						"v1",
						"register"
					]
				}
			},
			"response": []
		},
		{
			"name": "login",
			"request": {
				"method": "POST",
				"header": [],
				"body": {
					"mode": "raw",
					"raw": "{\r\n  \"usernameOrEmail\": \"john.doe2@example.com\",\r\n  \"password\": \"securePassword2\"\r\n}\r\n",
					"options": {
						"raw": {
							"language": "json"
						}
					}
				},
				"url": {
					"raw": "http://localhost:8080/api/v1/login",
					"protocol": "http",
					"host": [
						"localhost"
					],
					"port": "8080",
					"path": [
						"api",
						"v1",
						"login"
					]
				}
			},
			"response": []
		},
		{
			"name": "get-profile",
			"request": {
				"method": "GET",
				"header": [
					{
						"key": "Authorization",
						"value": "Bearer eyJhbGciOiJIUzI1NiJ9.eyJzdWIiOiJqb2huLmRvZTJAZXhhbXBsZS5jb20iLCJleHAiOjE3MDk3NTE3MDgsImlhdCI6MTcwOTcxNTcwOH0.V1WmtaE0lT8bPX3WfO86mvlxClhXpAfn8vYV-K-bIU0",
						"type": "text"
					}
				],
				"url": {
					"raw": "http://localhost:8080/api/v1/get-profile",
					"protocol": "http",
					"host": [
						"localhost"
					],
					"port": "8080",
					"path": [
						"api",
						"v1",
						"get-profile"
					]
				}
			},
			"response": []
		},
		{
			"name": "getArticle",
			"request": {
				"method": "GET",
				"header": [
					{
						"key": "Authorization",
						"value": "Bearer eyJhbGciOiJIUzI1NiJ9.eyJzdWIiOiJqb2huLmRvZTJAZXhhbXBsZS5jb20iLCJleHAiOjE3MDk3NTE3MDgsImlhdCI6MTcwOTcxNTcwOH0.V1WmtaE0lT8bPX3WfO86mvlxClhXpAfn8vYV-K-bIU0",
						"type": "text"
					}
				],
				"url": {
					"raw": "http://localhost:8080/api/v1/article",
					"protocol": "http",
					"host": [
						"localhost"
					],
					"port": "8080",
					"path": [
						"api",
						"v1",
						"article"
					]
				}
			},
			"response": []
		},
		{
			"name": "Create-Article",
			"request": {
				"method": "POST",
				"header": [
					{
						"key": "Authorization",
						"value": "Bearer eyJhbGciOiJIUzI1NiJ9.eyJzdWIiOiJqb2huLmRvZTJAZXhhbXBsZS5jb20iLCJleHAiOjE3MDk3NTE3MDgsImlhdCI6MTcwOTcxNTcwOH0.V1WmtaE0lT8bPX3WfO86mvlxClhXpAfn8vYV-K-bIU0",
						"type": "text"
					}
				],
				"body": {
					"mode": "raw",
					"raw": "{\r\n  \"title\": \"Sample Article2\",\r\n  \"content\": \"This is the content of the article.2\"\r\n}",
					"options": {
						"raw": {
							"language": "json"
						}
					}
				},
				"url": {
					"raw": "http://localhost:8080/api/v1/article",
					"protocol": "http",
					"host": [
						"localhost"
					],
					"port": "8080",
					"path": [
						"api",
						"v1",
						"article"
					]
				}
			},
			"response": []
		},
		{
			"name": "Get-Article-byId",
			"protocolProfileBehavior": {
				"disableBodyPruning": true
			},
			"request": {
				"method": "GET",
				"header": [
					{
						"key": "Authorization",
						"value": "Bearer eyJhbGciOiJIUzI1NiJ9.eyJzdWIiOiJqb2huLmRvZTJAZXhhbXBsZS5jb20iLCJleHAiOjE3MDk3NTE3MDgsImlhdCI6MTcwOTcxNTcwOH0.V1WmtaE0lT8bPX3WfO86mvlxClhXpAfn8vYV-K-bIU0",
						"type": "text"
					}
				],
				"body": {
					"mode": "raw",
					"raw": "{\r\n  \"id\": 1,\r\n  \"title\": \"Sample Article\",\r\n  \"content\": \"This is the content of the article.\"\r\n}",
					"options": {
						"raw": {
							"language": "json"
						}
					}
				},
				"url": {
					"raw": "http://localhost:8080/api/v1/article/3",
					"protocol": "http",
					"host": [
						"localhost"
					],
					"port": "8080",
					"path": [
						"api",
						"v1",
						"article",
						"3"
					]
				}
			},
			"response": []
		},
		{
			"name": "Get-All-Article",
			"protocolProfileBehavior": {
				"disableBodyPruning": true
			},
			"request": {
				"method": "GET",
				"header": [
					{
						"key": "Authorization",
						"value": "Bearer eyJhbGciOiJIUzI1NiJ9.eyJzdWIiOiJqb2huLmRvZTJAZXhhbXBsZS5jb20iLCJleHAiOjE3MDk3NTE3MDgsImlhdCI6MTcwOTcxNTcwOH0.V1WmtaE0lT8bPX3WfO86mvlxClhXpAfn8vYV-K-bIU0",
						"type": "text"
					}
				],
				"body": {
					"mode": "raw",
					"raw": "{\r\n  \"id\": 1,\r\n  \"title\": \"Sample Article\",\r\n  \"content\": \"This is the content of the article.\"\r\n}",
					"options": {
						"raw": {
							"language": "json"
						}
					}
				},
				"url": {
					"raw": "http://localhost:8080/api/v1/article/1",
					"protocol": "http",
					"host": [
						"localhost"
					],
					"port": "8080",
					"path": [
						"api",
						"v1",
						"article",
						"1"
					]
				}
			},
			"response": []
		},
		{
			"name": "Update-Article",
			"request": {
				"method": "PUT",
				"header": [
					{
						"key": "Authorization",
						"value": "Bearer eyJhbGciOiJIUzI1NiJ9.eyJzdWIiOiJqb2huLmRvZTJAZXhhbXBsZS5jb20iLCJleHAiOjE3MDk3NTE3MDgsImlhdCI6MTcwOTcxNTcwOH0.V1WmtaE0lT8bPX3WfO86mvlxClhXpAfn8vYV-K-bIU0",
						"type": "text"
					}
				],
				"body": {
					"mode": "raw",
					"raw": "{\r\n  \"title\": \"Sample Article-Updated\",\r\n  \"content\": \"This is the content of the article.-Updated\"\r\n}",
					"options": {
						"raw": {
							"language": "json"
						}
					}
				},
				"url": {
					"raw": "http://localhost:8080/api/v1/article/1",
					"protocol": "http",
					"host": [
						"localhost"
					],
					"port": "8080",
					"path": [
						"api",
						"v1",
						"article",
						"1"
					]
				}
			},
			"response": []
		},
		{
			"name": "Delete-Article",
			"request": {
				"method": "DELETE",
				"header": [
					{
						"key": "Authorization",
						"value": "Bearer eyJhbGciOiJIUzI1NiJ9.eyJzdWIiOiJqb2huLmRvZTJAZXhhbXBsZS5jb20iLCJleHAiOjE3MDk3NTE3MDgsImlhdCI6MTcwOTcxNTcwOH0.V1WmtaE0lT8bPX3WfO86mvlxClhXpAfn8vYV-K-bIU0",
						"type": "text"
					}
				],
				"body": {
					"mode": "raw",
					"raw": "{\r\n  \"id\": 1,\r\n  \"title\": \"Sample Article\",\r\n  \"content\": \"This is the content of the article.\"\r\n}",
					"options": {
						"raw": {
							"language": "json"
						}
					}
				},
				"url": {
					"raw": "http://localhost:8080/api/v1/article/1",
					"protocol": "http",
					"host": [
						"localhost"
					],
					"port": "8080",
					"path": [
						"api",
						"v1",
						"article",
						"1"
					]
				}
			},
			"response": []
		}
	]
}